Name,Author,Sequence
no_disulfide_b3iii,Tadas,AAAAAGGAGGAAATTCGCCGTTATCTCCGCGAGGTTCGCCGCCGCTTGGAAGCGGGCGAACCTCTCAGCGAGGAACAGCTCCGGGCTATCGAAGAGGCGCGTGAATGGCTTGAGGAAAATCGTGAGGAGTATCCTGAGGAATATGAAATTGTCGAGGAAGCCCTGAAGTCATTG
no_disulfide_b3nnn,Tadas,TCGGACGAGGAGTTATTAGCTGCCGCGCGTGCCTGGTATGCAGAACGGGGGCTGGGGCCAGTTCCTGAAGCAGAATTGCGGGCAGATGCTGAGCGTGTAGCACGCGACATCGCGGGCGCCGCTGATCGGGAAGCCGCATTGCGTGCAGGTTTTGATCGGTGGTTGGCCGCCCGG
no_disulfide_b4iiiix,Tadas,GGTGAGTGGGTTGAGCGGTACCGCGAGTTGTTGGAGTATGCAGTAGAATACCTTGGCGAGCCGCGCTACGAAGAGCTTCGTGAGACTTGTATCCGGTTGGGTGGCATCGACCCAAGTCTGTCTGAAGAGGAACTCCGCGAGCGCATCCGTGAATTATTGGAGCGCTCTATTCCGCGTGTAGCGGCGGGTGAAGAACCAGAACTCCGCGCGGTATTAGAACGCTTGCTTGCGGAACGC
no_disulfide_b4iiiiy,Tadas,AGCCTGGAAGAATTTAAGGAATATGTGAAAAAGCAGACCGACTTGGATAGTCCTCTTTTGCCGTGGATTCAGAAATGGTGCGAAGATCCGTCCGACGAGGAGTACACGGCGGAATTGCGCGAGAAGCTCGCAAAGGCCGACGATAGCTATCCTGAGTTGACCGCGTGGGCGCGCAAGTATTGCGACTCA
no_disulfide_b4iiin,Tadas,TCACGGTATGCCGAGGCTTTGGAGCTGATCCGGGCCAAACTCCCGGATACGCCGGAAGGGCGGGAACTCCTCGCGGCCTTGGAGGCAGGCACATTCGATCCAGAGTGGGCCATCGCATGGTTACGGGAGGCAGGTTTCTCTGAGGAAGAATTGGCGTATCTGGTGGGGGTGCTCGAAGAGGCAGCAGGT
no_disulfide_b4inin,Tadas,TCTCTGGAGGAACTGATCGAAAAAATTGAAAAATTTAACAACCTCGAAAATCCTACCGAGGAAGAGCTGGAGGAGCTCATTGAGCTCTTAAAAGAATGGTGTGAGGAACTTGGTGTAGAAGAAGAGAAGAAAGAGGAGCTGTTAGAACTGCTCTACGAGTGGTATAATAGCGAAGAAAATCGCGAAGAGAAGACAAAGGAGCTCATCGAAAAGCTCAAGGAAGTTTACGAGGAGGCG
no_disulfide_b4innn,Tadas,CCTCTTGATCCAGAGGCCGTTCGCGCTTGGTTACGCCGTGCTTTGGCAGAACTCCAGGCCGAAGGTCTTGCAACACCTGCACTCGTGGCTGCAGTAGAAGCCCACGCAGACGAGATCGCCGGTGCGGACGCTGAAGGGGCCGCGGCGCTGCTCCGCCGTCTGTGTGCAGAGGTCGGTGCTTCACCAGAACTTACAGAGCGGCTGCTGGCTCTTTGGGAGGAGTTCGTAGCATCACAG
no_disulfide_b4nnnnx,Tadas,TGGGAGGAGTTGGAGGAGGCTGTCCGTTGGCTCCGGGAGCGCCTTCCAGACCTGACCGAAGAGCAGCACATCGAGTATATTCGGCGGTATGCTGAGGAAGGGCCGGATGATTTATCGCCTGAAGTCCGTGAGGCTCTGGAAGAGCTTCGGCCTTTGATTGAACGCTATGGCGAAGAAGAAGTCATCGAGGCCCTGCGGCGGTATTATCGGGAA
no_disulfide_b4nnnny,Tadas,ATGAGCCGGGAGGAAAAAATTAAACTTCTGAAGGAGAAGGGCTATAATCTTTCGCGCGAGGAACTCATTAAACTCATTCTGGAAGAATATGGCTACGATACCGAAGAGACTAAGGAGTTGCGGGAAAAGGCGTACGAGGAATTGAAGAAACTGGATTGGAATCTCTCCCGGGAGGAGCTGATCGAGCAAATGGTAGAAGTCATCGACAGTTTA
no_disulfide_b5iiiin,Tadas,ATGGACCTCGACAAGGGTTTGGAAGAGCTTATTGAACGTATTAAAAAAGGCGAGGCGCTCGAAGAACTGAAGAAATTCGGGAAGGAAGCGAAAAACCTCCCTAAGGAGGTGAAGGAAATCCTTGAGAAGTTGGAAAAAGGCGAAGCGACAATCGAGGAGGTAGTCGAGATGTGGGAAAAGCTCAAGAAAAACTACAAGGAGTGGGGGATCGAGGAACAATTGGAGAAATTACTCAAGTCC
no_disulfide_b5iinin,Tadas,AGCCGGGAAGAGTTATTGGAACTCGCGAAGAAACTGCTTGAAGCGATCAAATCTGAGGAATTGAAAGAAGAATGGAAGGAGCTGCTTGAAGAAATCCTTGAAAACGGTTTGAATGAGGAACTGCTGAAGCGGTGGGAGGAGTGGCTGGAGAAGCTGGAGAAGGAGGGGCTCTCGGAGGAGGAGAAGGAGCGCTTAATTGAAGCACTGCGTGAACTGCAAGAATGGTGGAAAGATCCATCAAAGCGTGAAGAACTGCGCGAACTGTTGGAAGAGATCCTGTCGCTCATT
no_disulfide_b5ininn,Tadas,ATCAAGGAGCTCGTCTACAAAACGATTGAAAAACTGCTGGAGAATATCGATAAGAAAGAGACTGCAGAGAAGTGGAAGGAATATATTAAGTGGCTTGAAGAGAAAGGCTTGTCCAAGGAAATTCGTGACGAGTGGATTAAGTTAATCGAGGAAATGGAAAAAGGGATGGACAAGGAAGAGGCAAAGAAACGGGCCTATGAGTTGGCCGACAAGGCCCTCGAAGATCTGCTTAAGAAGCATTCCAAGGAGGAAGTTGAGGAACTTATTCGCGAAGTTGAGTCAAAATTG
no_disulfide_b5innnn,Tadas,TCTGCTGAACTGCGGGCGCTTGCTGAAGAGCTTCTTGCTCGCCTCGCTGATCTCCCGCCAGAGGACCTCGCGGCTTTAGTCGAATATCTCTACGCCCGGGAAGGCTGCGGCAGTCGGGAAGCAGTGCACGCCGCCATCCGTGAAGCTGCTGCTGCTGGGTTGGACCGGGATGTGGAAGCAGTCCTCGCAGCCTGGGATGAAGTTTATTCGCGTCTGGGGCCGGACGCAGAAGCGCAAATGCGGGAATTGTTGGCACTTCTCGCCTCACGT
no_disulfide_b6iiniin,Tadas,TCCGAGGAACTCAAAAAATATGCAGAACGGGTAGCGAAGGCGCTTGCCGAGGGGAAGCTCGAAGGTTATTTGAAACTGGTAGAGGAATGGTCCAAAGTAGACAAACCTTTTTCCAAGGAGAACTTCAAAGAGATGCTGGAGAAGGCGCTTTCTACGGAGGAAGCAAAAGAGGATAAAGAACTCAAGGAGGCCCTGGAGTATATCCTCGAAAATCTGGACGAATGGTCCTTAGATGAGATTAAAGAGTACCTGGAATATGCGCTCAAACTGGCGAAGGAATACGGGGTGGAAGAGTACACAAAGTATTTGGAAAAGTTATTATCAAAA
no_disulfide_b6ininin,Tadas,ATGGAACTCGTATATGAATATGTAGAGAAGTTACTTTCGCTTTCGCATGAAGAACGCCGCGAATACTTATATAAAGAAGCACAGAAAGCATCCGAGGAACTGGGCTACCCTCCAGTAGAGACACTCTACGAGTGGTGGGATTACCTTTTGAAGAACCTGAGTGAAGAGTTAAAGGAACGTGTCCATGCTTTTGTAGAGGCCTTGTGGAACGGCGACGAGGAAACCACTCGCGCAACGGCTTTTCCTGTTTGGGAGGAAATCCTTGAGGCCCTGAGCGAAGAAGAACGGGAGAAACTTCTGGAACTGGTAAAAAAGTGGTATGCGGAA
no_disulfide_b6inninn,Tadas,ATGAGTATGCACGAAATCATCGACTCGATGGATGTCTCTCCAGAAGTCCGTGCTCTGCTTCGTGAATGGTGGGATCGTATGCTGGCTCGGCGTGAAGATGTGGATGCGTGGCTCGCTATGGTACGTTCTTGGGGGCTGTCAGAACACCTGTTGCCTCTCTATGAGGAATGGGTCCGCAAGGTTTTCGACGGTACCGCGACGACGGAAGAAACGCTTGAAATGTGGCGGCGTTGGTTCGCCGAACATGATGCAGAAGAGGAAGTACGTGCTTGGGTTGAGCGGTGGATGGCT
no_disulfide_h4i_n,Tadas,ATGGAAGAAGAGGAACAATTTAAGAATCGCTGGCGCGAGATTCGTGAGGAAGTGTATTCAAAAGGCGGCGGTGACGAGGATACTCTGCGCCGCTTGCGGGAACTGGAGAAGGAACCTCGCAGTGAGGAAGAAGCCTTTCTGTGTGAGCGCTACCGCGAACTCCGTGCTGAATACTATGCAAAGGGTGGGGGCGATGAAGATGTCCTGCGTTACATTAAAGAGTCTTTG
no_disulfide_h5i_i,Tadas,CTCACGGAAGCAGAACTGCGGGCACTCTGCGCCGGGCGGCCACCAAGCCCTCGGGTCTTAGCTTTGTGGGAGGGTGTTTTACGCGGCGAAACGCTCGAATATGTGCGTCCTGGGTTTGAACGCGCCGAAGCTGGCGAATTATCCCCGGAACTCCGTGCTGGGTGGGAACGGCTTTTGGCTCGTGCAGAAGACCCTCTCTTAGGTCGTGTACTGGACTTGCTGCGTGGT
no_disulfide_h5n_n,Tadas,ATGAGCACCTCGGAGCTGTATGCCATTCTGTTTGGCGGGATTACGCCTGCCGAAGTTTATGCAATGTTCCGCGAAGTGCGGCCAGGTATGACCCGCGCAGAACTCAACGCCCTGTGGAACGAAGTCCGTGAGAAATACTCCTCTTTAAGCGGCGAAGAAATTGTGGAGGAACTGCGCAAGAAATATCCTGGGTCACCTTTAGAGATGCTCCGCAAATTGTACGAAGAT
no_disulfide_h6i_i_i,Tadas,GGTAAAGAATTAGCACTGGAGACGTTTTACAAGCTGTACGCCGGGGAGTGGAAAACGGAGGAGCAGAAGAAGATCCAGGAGGTGTGGAAGAAACTGTGGGAATTGGTCGGCAAACCGTTTTCGGAGGAGGGCATCATCGAGGGGTATCGCCTGCTGCTCGAAAAATTAAAGGAAAAAGGTGCGTCTAAGGAATTGATCGAGTACGTGGAAAACTTAATTAAAGGTTTGGAAACTGGCGAGTTGAGCGAGGAAGTACTGAAATATATCGAGGGGCTGAAAAACCCTGAGGAGAATAAGGAAGTATTGGAGAAGATCATGAAAATGTGGGAAGAGATTGAAGAATGCCTG
no_disulfide_h6n_n_n,Tadas,ATGGAAGAATTAAAGGCGATGTATGAAGAACTCATCAAAAAATACGGTGTAAAAGATAAGGAGGGCCTGTTAAAAATGTTTGAGAAGCTCCGGGAGGATGTGGAACGCGGTGAGGACACACCTGTCATGCGGGCATTCCGTTGGCTTTTAGAGAATCTCGAAGAGATCCGCGAGAATGGTTGGATCTGGGGTTATGCGCGTATTCTGGGTCTGCCTTTAGAAGAGGCTAAGGAAGTAAGTAAGGAGCTTGCGCTCTGGCTCCTTAAACAGATTGGGTGTGAGTCATATGAGGAGTGGTTAGAAATTGTTGAAGAATTTCTCAATAGT
no_disulfide_l4iin,Tadas,ATGGAAAAGCTTGAGGAAACCGCAAAGAAATTGTATGACATTCTTTCTAACGACGAGGAGAAGTCTGAGCCAATTGCGGAGAAGATTCGGGAGAAGACAGGGCTTAACTGGTCGAAAGAGGAAATCCTTGAATTGATCGAGGATTACCTTGAGGGTAAGGCCAAGGAGCGTCGGGAGGAGATCGAGAAGATTTGCAAGGTTTACGAAGAACTT
no_disulfide_l4inn,Tadas,GACGAACTGGAAGAAGGGATCAGGTATCTGTACGAGAAGTGGAAGGAAGAGAAGGGGCTGAAATCTCAAGAGGAACTTTTAGAATTACTCCTGGACGAGTCGAATGCTGAAACGGAAGAGGAGAAGGAGATCTATAAGTTGATCAAAGAGTACAAGAAGAAGGGTATGACGGACAAGGATTTATATGAAATTCTGTCGAAAGTTGAAGAGGAG
no_disulfide_l5iiin,Tadas,TCAGAGTTGAAGGAAAAACTCAAATATCTGCTTGAACATCCGGAAGAGTTGTCGAGTGAGCGGTTAAAAGAGATGATTGAGAAGCTCAAAGCTGGGTTCTACGGTTATTGGGAGGAGTTGCGTAAGGTTCTTGAAGAGCTGGCTGCCGACGAAAGCGCTACATCACCATACGAGCTTGCTTTAATTGAGTTTTATGAGTTGTCCAAGGAATTATCCGAGGAGGAGATTGAGGAACTGATTAAAGAGGTGCTGGAGGAG
no_disulfide_l5inni,Tadas,ATGGACCGTTTAATGGCAATCTTTGCCCGGCTGCCGGAAATCCTGCGGGAGGCTGGGGACGAAGAGTTACTCGGGCTTTATCAGTGGTCGCAAACAGCTAGCTACGAAGAGGCCCTGGCGCGGTGGCTGGCAGCAGTGGACCGTCTGTTGGCACACCCTGAGCGGTACGCCGGTACTGAACTCGGTGCAGCGATTCGTGAGCTGAAAACATTACCAGAGGCTGAGGCTCGTGAGTTGCTCCGCAACGCCGTGGCAGAGTGGCTGAAATCC
no_disulfide_l5innn,Tadas,GAGGAGTTGAAAGAGAAACAAGAGGAACTCAAGAAGAAAGTAGACAGCGAAGAGGTGCGCGAACTCTGGCTCGAAGCGCTTAAAAAAAAAGGGGCTGATGAAGAAGAAGCCCGTAAAGTGATCGAGGAGGCTGCCGAGCGTTTGAAAAAAGGTGAGAGCATGGATGAGGTCCTCGAATGGGTTAATAAACGCCTGGGCAACGGGTTGAACAAGGAGGATCTTTTAGAACTTTTGGAAAAG
no_disulfide_l5niin,Tadas,ATGGAAGCCTTGTTAGCTACCGTCCGTGAGCTGGGTCTTACCACGGTTGGGGACGGTCTGGAGGTCTTTACGGCACGCTTGGATTCCCTCGCACCGCGCCTTTCGCCTGAAGAGGTTGAGGAATGGCGCGAAATGGTTCGTCGCTTAGTAGCGTCCGCCGCAGATCCTTCAACCACTACGTGGGCTGAGCTTGTGCGGGCCCTTGCTGCTAGCGATGACGAAGAGTTACGTGCTCGCTGGGAGGAAGCAGTACGTCGGCTTGCCGCTGCA
no_disulfide_l6innni,Tadas,TCCCTCTATGAAGAGTTTATGGAATACTTAATGAAAGAAAATGACCTCGAAAAGTTAAAAGAACTTGCGAAAAAGATCGCCGAGAAAATCGGCGCTAAAGATTATATCCCGTTAGTCGAGGAAAGTCTTGAATACCTCAAGGAAGGGAAATGGGAGGAGATGCTTGAGTATATGTTATCGAAGTTGCCGAAGACGAAGCTGCGCGAGGAGTTAGAGGAAATCCTCGAAGGCAAGCTGAGCCCGGAAACAGAGGAGCTGATTAAAGAATGCTATTCA
no_disulfide_l6niiin,Tadas,AGCAGTTTACTGGAGGAACTCTATCAACAGCTGTACGATGCGGGTATCCTCTCAACGCCAGAGGCACAGGAAATGTTGCGTCGTATTTTGAACCCTGAAGAAGCCTCCATTGAGGAAACTTACGAGTGGTATAAGTGGGCGTTAGCGAACCTGCCGGAAGAACAGGAGCTGACGCGGGAGCTCTATGAAGAAGCACTGGAGCTGCTTGAGAGCGGCGTCACTTCACTTTATGACATTTATAAATATGTGGGCGATAAACTCGGGCTCTCTTTAGAAGAGTTTTACGAAGCAATCAAGAAGGTGGTAGAGCGT
no_disulfide_s6,Tadas,AGCATGGTAAATCAGTACTGGCGGGATGCACTGGCAGGGAAACGGACGCCGGAGCTGGAAAAATGGTGGGATGAAATTGCCGAGAAATATAAGGGTAAGACTATCGCCGAAATTTGGAAGGCGTTACAGGCGGGTGAAGGTTCCGAAGAGGTAAATGCGTGGTGGAAGGAAGCCCTCGCAGGCAAATTAGATCCTGAAATTGCGAAATATGTTAAAGACGCACAAGCAGGGAAATTCAGTCCTGAGTTCGAGGCGGTTTGGAAACGGCTGTTCAAG
variable_linkers_b3iii,Tadas,ATGGAAGAGAAAGCGAAAGAGATCGTTGAACTGTATAAGGCGGGGAAGCTCACGGAGGAGCAGAAGAAAATTGCGAAGGAAATCCTCGAAATCGAGAAAAAGGAAAAGAAATTTTCTGAGGAGTTGGCTAAGAAGGTGGAAGAAGTCGTAAAA
variable_linkers_b3nnn,Tadas,CTCGAAGAGGCAATTTTGGCCGCGATCAAGGAGGCCGGGGCAGAGGGCGAGGATTTAGAAGAGCTGCTGGCTCGCGGCCGTGCGGCTATCGAAGCCAATCAGCGGCCTGATATGAATGAGGAGTGGATTCGTGCTGCTGTGGCAGCAGCGTTAGCG
variable_linkers_b4iiiix,Tadas,GATATTCTCAAAAAGGCTGCCGAATTGTGGGCCTCATCAGACGACGAACTCATGAAGAAAGTCGTGGACGCTGTGTTGGCAGGCGATTTGAGCTCTCTGAAGCCGGAGGAACTTGAGGCAGCAAAGAAGAAGGCGCTTGAACTTGCGCCGGAATTTCCTGAGGAGGATCGTCCTATTGTGATTGAAGCCGTAAAACTCATC
variable_linkers_b4iiiiy,Tadas,ATGGAAGAGGCTTTGAAGAAGGCGGAGGAGCTTTGGGAAAAGACCAAGGATGAGAAGATGCAGACCCTTCTTGAGGCAGTCAAGAAAGGGGGTGATAAAGAACTCCTCGCTAAATCCCTCAAAACTGGCGAAATGGAAGAAGCATTGAAAGCTGCGAAAGCG
variable_linkers_b4iiin,Tadas,GAGCGTCGTGAACGGGTGATTGAACGTTTACGGGAGTATGCTGAACGCTTTGAAGGCACCCCGTTGGCTGAAGAGATTCGCCGCGTGGCTGAGCGTTTGGAGGCTGGTGAGAGTGACCTGGAAGGCTTACGTCGGGTATTTGAAGCTGCTGGTGATGAAGAGTGGCTCCCATTAGGTGAGGAGGTAGCGGAAGAG
variable_linkers_b4inin,Tadas,GTTGAGGAGTGCTTAAAGAAGTGCAAATCAGGCAACAAAGAAGCTATCCCAGAGTGCGAAAAAGAGTGGAAAGCTAAAGGTGTCAAAAACGCTGAAGAGTGTGCAAAGAAGTGGAAGGAAGGGAACTGTGAGGAGTGTGCCAAGAAGGTCAAGTCT
variable_linkers_b4innn,Tadas,TCGCGGCTTGAAGAGATTTGCTCGAAGTTATCTGGTCCAACTGCGGCCAAAGTTTGTGAAGAATGTAAAGGGTTGTCATTGGACGAATGCTGTGAGCTTGGGTTGAAGTACGGCTTACCGGAGGCGTGCGAACTGGCACGTAAA
variable_linkers_b4nnnnx,Tadas,GACATTGAAGAGAAGTGCAACGAACTTCTGGAGAAATCGAAGGGGGCTAGTTTAGAAGAGAAGATTAAACTGTGCAAGGAGTTCGGGAACGAAGAATCGATTGAAAAATGCTTGGAGCTGCTGGACAAATACGAAAAAGGTGAGTTGACAGAGGAAGAGAAGAAGGAAGCGTGCAAAGAGCTGGCA
variable_linkers_b4nnnny,Tadas,ATGGAAGAAATCCGCAAGCGGCTGGAGGAGGGCGGGTTAGAGTACGCAGTAGAGGTAGCGAAGGAATTTGGTGACATTGAAAAAACCGTGAAGGCCGCTGAAGAATTAGGTTATGATCCGGAGGAACTTCGCAAATTACTTGAGGAG
variable_linkers_b5iiiin,Tadas,GAACGCGAGAAAGGGATTGAATACTTGAAAACATTAAGTAGCCCAGTCTCTGATAAGTGTACTGAGGACTTTGCTGCGGGTAAGCCTAACCTCAAAGCGTGCTTAGCCGCCTTAAAGACATCAGGGGCCGAAATGAAGGCCATTGCAGATAAGTGCGAGACCTTGGGGGCCAACGGCTGGGACGAATGCTTAAAATTGGCCTTG
variable_linkers_b5iinin,Tadas,GAAGAGGTATTAGAGGTACTCAAGAAACTTGGCGGGGCGGAAGAGGCATACGAAGAACTTAAAAAAGACGACAAGGGCGCGATTGAGAAAGCAACCAAGAAGGTTGAAGGCCCAGAGAATAAAGAAGTCGCGGAACTGTTGAAAACCGCAAAGAACAAAGAGGACTTCGAAAAAGTCTTAAAGAAGGCA
variable_linkers_b5ininn,Tadas,GCTATCGCGGACCTCACAAAAGCAGTTGCAGCAGAGGCAGCAAAAGCGAAGGATGCTCGTTTAAAAGCCATTGCCGAGGCATTAGCGAAGGCCAAAAACGTCGACGAGGTCGAGGCAGTGCTGAAGGCTGCTGGGGCGGATGCAGACGCCGCAGCCGCCGCACTGCGTGCAGGGAACTGGAATGCAGCCACTATTGCCAAAATTGTAGCAGATATTGCA
variable_linkers_b5innnn,Tadas,AAAGTGGAAGAATTGGCGAAAGCTATGAAGGGTGTGAGTACAGAGGAATTGTTAGAAGTCCTGAAGGAAGCCGGTGTACCAGAGGAGGACGCTGAAAAGCTGTACGAACTGGCCAAAAAAGGGGGTGAGGAGGACTTCAAGAAAGCAGCAAAGGAGTTAAAGGAGGAAGGGGTAGAGAGTTTAAAGCCGGTTTATGAAGCCGCCGAGAAG
variable_linkers_b6iiniin,Tadas,ATGCAAGCGCTGATTGAGGCATTCAAAGCAGTAGAGACTAACGCTGAACTGCAGAAGGTTGTAAAAGACTTGGAAGCGGGTAACTACGCAAATATCGCTGCCGCCTTCGAGGCCGCTGGCCTCTCAGCCGCTGACGCTGCCAAACTTGCGGCGGACTTAAAAGCAGGTGAGGTAGCTCCGATCGTAGAACTCTTAGCGAAGATTGATAGTCCTGAGTTTGCTCCTGTAGTAGAAGCAGCCAAGGCC
variable_linkers_b6ininin,Tadas,GCCGAGGAAATCAAAAAGGCACTTAAAGAAGGTGAAGCTGAAGAGATCGCTAAAGCCCTGGCAAAACTGGGGGCTAACGCTGAGAAGATTAAGAAAGAACTCGCGAAGGAAGGTCCTGACTATGACGCTATTGCGGAGGAATTAGCCAAAATCGGGAACGCGAAGCTGGCCCCGGCTATCAAGAAGGCGCTGAAAGAGGGCGAAGCTGAGGAAATTGCAAAAGCACTTGCAGAG
variable_linkers_b6inninn,Tadas,TATGAGGAGTTAAAGAAAAAGTTAGAAGAAGTGACGGGGAACAAGGAAGGGGCCGAAGAACTCGCCGAAAATCTCAAAAAAGGTAACACCGAAAAAACCAAGGAAATTTTGCGGGAAATGGGGCTGGGTGAGGAAGCGGAGCTGATTGCAGAGGCGCTTAAAGGTGAGAGCTTAGAGGAGATTAAAAAGGCTCTGGCTTCGCTTGCACCGAAGATGAAGTCCGAAAAGGAGAAGAACGTCATTAAAGCCGTGGAGGAG
variable_linkers_h4i_n,Tadas,ATGAAGCTCCTGGAGGAATTAGAGAAAATCTATAAAGAAGACAAAACGCCGAAGGATGAGAAGACGTCGCGTCTGATTGAAAAGGCACTCAAGTGCAAGGAAGGCAAAGACTGTGAGGAACTGAAAGAAGCTGAAAAATTGGGGAACTTCGAAGACGCACTCAAATACGCCGAAGAA
variable_linkers_h5i_i,Tadas,AAAGCCGCAGAGTGGATGAAGAAGGTGGCTAAATATTGTAAGAATTTGGACGATCCTGAACTCAAAGCGGCAGTTGAAGCCGCTGCGAAGGGCGATAAGGAGGTTGCGGAAAAGTTAGCTTCACTGAAAGGCAAGGGCGAAGAGGTGAAAAAATGGTTGGAGAACCCGGAAAAAGATCCAGAAAAGCAAGCAGAGAATTGTCGTTTACTGAATGAAGCTCTTAAATCT
variable_linkers_h5n_n,Tadas,ATGGAGCTTTTTAAGAAGGCCATCAAGCGGGCAAAAGAGCTTGGGGTTAAGAATGCTGAGGATCTGAAAGCCGAATTGGAAAAGTATGGTGCCTTTGAAGAAGCAGTGGCGGCCCTCAAAGCCGAGGTCGATAAAGAGGGCGAAAAGAGTAAGGAGGAGCGTATTGAGATCGCAACCAAATTAGTCACTGAAGAAGAGGATGAGTTGACACGTAAGATCGTCGCAGAGATGCTC
variable_linkers_h6i_i_i,Tadas,ATGGAGGAATTACGCGCACACATGGCAGAATGTTTAGAGATTGCCCGTGAACGCGGCAACGAGCGGGCCGCCCGCGTCTGTGAGGCGATTCTCAATGCAAATACGGCGGAACATGAGAAGATGGCAGCAGCTCTGGAAACTGGTGAGGACATGGACGGTTTGGCAGCGATTCTCAGTAAAGCTGGCGGTATTACGCCAGAGTTATTCCGTGCGCTGATGGCAGAATTGCTGGCAGAACTTGAAGCGCGGGGCCGGGCGAAGGATTTCCGCGCTTACGCTGCCCGGATTGCGGCC
variable_linkers_h6n_n_n,Tadas,ATGGAAGAATTTGCGAAAGTCCTGTTGAGCGGTTCGGGTGAAGAGATTCTGAAAGGTATCGACGAAGTGCTGAAGGAGCCAAATGGGTACGAGAAATTGGAGGAAGCCTTAAAGAAATTGGGCGTGGAAAACGCTGAGGAAATTGCTGAGGCTCTTCGTACGGGCGAGGGCTTCGAGGAAATCGCCAAAGCACTGAAAAAGGCTAAGAGTGGTGAAGAAATTGCAGAGCTGTTAAAAAAG
variable_linkers_l4iin,Tadas,CTTGAGGAAGCGTTAAAGGAGTTAGATGGCGAGGGTGAAGCGGCGGAGTTGGCACGGGAGGCACGCGAGAAGTGCAAGGAGGATGAAGAATTTCGTAAAGAGTTAGAAAAAAAACTGAAGGGCTACAGCAAGGAAAAGGCTGTGGAAGTCCTGAAAGAG
variable_linkers_l4inn,Tadas,CGGGAACTTATCGTGGAAGCAGCACGTACTGGCGAACTTGAAGAAGCGCGTGAAGCAGTAGAACGGGCCGGGCTCTCACGGGAAGAAATCCGTGAAATTCTGCGTGAAGCTGGCTTTGAGGAGGAAGCCGAGGAGTGGGTCGAGCGGCTG
variable_linkers_l5iiin,Tadas,AAGTTAGAGGAGGTAGCAAAACTCTTAGACATCAATAATACTGAAGAGGGGAAGAAGGCGTTGGAAGCATTGAAAAAAAAGGAGGATTATGAGCTCTTAAAGAAGTACGTCGAGTCCCTTCCTGAAGACCTTAGTGAGAAGGACAAGGAGTTGCTGGAAAAATTCAAAGAGGCCGCCAAGAAGGCCACTACGATCGAAGAGTTGGAAAAACTCCTGGAAGAG
variable_linkers_l5inni,Tadas,ATGAAAGAAAAATACGCGAAACTCCTCGAAGAGGTGGCTAAAGAGACCAATGAGGTTATGAAGGAAATTGCCGAAATGCTGAAGAACGTGGACGAAGAAAACCCTCTGGAGGATCTCAAAAAGAAGATCATGGAGAAGTTCGGCGCATCGGAAGAGGTTGCCGAAGAGTTTGCAAAGGCCCTTAAGGCTGGTGACAAAGAAAAGTTGAAGAAATGCGTTAAAAAGATCCTTGAA
variable_linkers_l5innn,Tadas,ATGAAGAAGAAGGTCGCAAAGCAGCTCGAAGAAGGCAAGGTCGACCCGGAATTACTTGCCAAGGTCTATAAAGAGCTGACAGGCGATGAGTCGACGGCCAAAATTGTCGCTAAAGTGGCAAAAAAGAAATTGAGTAAGGAGGAATTAGCTAAGGAAATGAAAAAGGAAGGTGTGACCATCTCCGCTAAAGCTCTCGAAAAGTTA
variable_linkers_l5niin,Tadas,GTAGACGAGTATTGCGCTGCGCTCCGCAAGGCGGGGTCCGAAGAGGCGTGTGAGGCTCTCCGCAAAGTAGCCGAGGGCACGGGCGATTTCGAGGAGTTTAAAGCGTTATGCGCCAGTATTCCTGAAGACAAGTTTGACGGGCCTCTTGCCGAACTGAAGGCGATTTGTGCGTCTGCCTCAGGTGACGGCCTCGCGAAGCTCCGTGAACTGCTGGCA
variable_linkers_l6innni,Tadas,GGGGAAGAAGCCCTCGAAGCTCTCCGGCGGGGCGAGGTCGAGCCTTTGGTTGAGCTTTTACGTGCTGCCGGGTTGGAAGAGGAGAAAGCGGAAGCCATTGGGGAGGCCCTTGCTGAAACTGAGTCATTGGAAGAAGCCGCAGAAGCTCTCTCCGAATTCGGGGATGGGGAACGGGTGCGGGAAGCGTGGCGTCGGGGGGAGTGGGAGGAAGCCGCACGTTTGTTACGGGAA
variable_linkers_l6niiin,Tadas,ATGGAGAAAATTTTCGCGGCCCTGAAAGAAGCCTCCAAAAAAAAGAGTGGCAAAGCTATCGTTGAGGCACTTAAGAAAGTGGCTGCGGAAGTGGACCTCAGTCCTGAGGAAAAAGAAGCCGTCGAAAACATCGAGACCGGCTCAGACGCGGAAAAGATTAGTGAAATCTTTGCAAAATGGAAGGAGAAAGCGACAGATCCGGAGGCCAAAGAAATCCTGGATAAGGTGTCAGAAAATTTAAGTTTTGAGGGGCTTGTTGAGGCCCTTATTAAA
variable_linkers_s6,Tadas,GGCAAGGAGTTCTGTGAAGCCTTGAAAAACAAAAACAGCGAGAAGCTGAAGCCTTACGCAGAAGCTCTCAAGAACGGTGATCCTGAGCTTCTTGCTAAATTTGTCGCGGCCTTAAAGGCCGGGACTTGCCCAGAATTTAGCGCTGAGTTGGCAGGTGCAAAGAAAGGCAAGGTAAGCGAGAAAGGGAAAGAATACGCCGAAGTATTTAAGGAGAAAAGCGGCATCTCCCGCGAAGAGTTAGTTGCGAAAATCGCGGCC
