Well Position,Name,Sequence
A1,no_disulfide_b3iii,ATGGGCAGCAGCCATCATCATCATCATCACAGCAGCGGCGAGAACTTATACTTTCAGAGCGGATCCAAAAAGGAGGAAATTCGCCGTTATCTCCGCGAGGTTCGCCGCCGCTTGGAAGCGGGCGAACCTCTCAGCGAGGAACAGCTCCGGGCTATCGAAGAGGCGCGTGAATGGCTTGAGGAAAATCGTGAGGAGTATCCTGAGGAATATGAAATTGTCGAGGAAGCCCTGAAGTCATTGTAACTCGAG
A2,no_disulfide_b3nnn,ATGGGCAGCAGCCATCATCATCATCATCACAGCAGCGGCGAGAACTTATACTTTCAGAGCGGATCCTCGGACGAGGAGTTATTAGCTGCCGCGCGTGCCTGGTATGCAGAACGGGGGCTGGGGCCAGTTCCTGAAGCAGAATTGCGGGCAGATGCTGAGCGTGTAGCACGCGACATCGCGGGCGCCGCTGATCGGGAAGCCGCATTGCGTGCAGGTTTTGATCGGTGGTTGGCCGCCCGGTAACTCGAG
A3,no_disulfide_b4iiiix,ATGGGCAGCAGCCATCATCATCATCATCACAGCAGCGGCGAGAACTTATACTTTCAGAGCGGATCCGGTGAGTGGGTTGAGCGGTACCGCGAGTTGTTGGAGTATGCAGTAGAATACCTTGGCGAGCCGCGCTACGAAGAGCTTCGTGAGACTTGTATCCGGTTGGGTGGCATCGACCCAAGTCTGTCTGAAGAGGAACTCCGCGAGCGCATCCGTGAATTATTGGAGCGCTCTATTCCGCGTGTAGCGGCGGGTGAAGAACCAGAACTCCGCGCGGTATTAGAACGCTTGCTTGCGGAACGCTAACTCGAG
A4,no_disulfide_b4iiiiy,ATGGGCAGCAGCCATCATCATCATCATCACAGCAGCGGCGAGAACTTATACTTTCAGAGCGGATCCAGCCTGGAAGAATTTAAGGAATATGTGAAAAAGCAGACCGACTTGGATAGTCCTCTTTTGCCGTGGATTCAGAAATGGTGCGAAGATCCGTCCGACGAGGAGTACACGGCGGAATTGCGCGAGAAGCTCGCAAAGGCCGACGATAGCTATCCTGAGTTGACCGCGTGGGCGCGCAAGTATTGCGACTCATAACTCGAG
A5,no_disulfide_b4iiin,ATGGGCAGCAGCCATCATCATCATCATCACAGCAGCGGCGAGAACTTATACTTTCAGAGCGGATCCTCACGGTATGCCGAGGCTTTGGAGCTGATCCGGGCCAAACTCCCGGATACGCCGGAAGGGCGGGAACTCCTCGCGGCCTTGGAGGCAGGCACATTCGATCCAGAGTGGGCCATCGCATGGTTACGGGAGGCAGGTTTCTCTGAGGAAGAATTGGCGTATCTGGTGGGGGTGCTCGAAGAGGCAGCAGGTTAACTCGAG
A6,no_disulfide_b4inin,ATGGGCAGCAGCCATCATCATCATCATCACAGCAGCGGCGAGAACTTATACTTTCAGAGCGGATCCTCTCTGGAGGAACTGATCGAAAAAATTGAAAAATTTAACAACCTCGAAAATCCTACCGAGGAAGAGCTGGAGGAGCTCATTGAGCTCTTAAAAGAATGGTGTGAGGAACTTGGTGTAGAAGAAGAGAAGAAAGAGGAGCTGTTAGAACTGCTCTACGAGTGGTATAATAGCGAAGAAAATCGCGAAGAGAAGACAAAGGAGCTCATCGAAAAGCTCAAGGAAGTTTACGAGGAGGCGTAACTCGAG
A7,no_disulfide_b4innn,ATGGGCAGCAGCCATCATCATCATCATCACAGCAGCGGCGAGAACTTATACTTTCAGAGCGGATCCCCTCTTGATCCAGAGGCCGTTCGCGCTTGGTTACGCCGTGCTTTGGCAGAACTCCAGGCCGAAGGTCTTGCAACACCTGCACTCGTGGCTGCAGTAGAAGCCCACGCAGACGAGATCGCCGGTGCGGACGCTGAAGGGGCCGCGGCGCTGCTCCGCCGTCTGTGTGCAGAGGTCGGTGCTTCACCAGAACTTACAGAGCGGCTGCTGGCTCTTTGGGAGGAGTTCGTAGCATCACAGTAACTCGAG
A8,no_disulfide_b4nnnnx,ATGGGCAGCAGCCATCATCATCATCATCACAGCAGCGGCGAGAACTTATACTTTCAGAGCGGATCCTGGGAGGAGTTGGAGGAGGCTGTCCGTTGGCTCCGGGAGCGCCTTCCAGACCTGACCGAAGAGCAGCACATCGAGTATATTCGGCGGTATGCTGAGGAAGGGCCGGATGATTTATCGCCTGAAGTCCGTGAGGCTCTGGAAGAGCTTCGGCCTTTGATTGAACGCTATGGCGAAGAAGAAGTCATCGAGGCCCTGCGGCGGTATTATCGGGAATAACTCGAG
A9,no_disulfide_b4nnnny,ATGGGCAGCAGCCATCATCATCATCATCACAGCAGCGGCGAGAACTTATACTTTCAGAGCGGATCCATGAGCCGGGAGGAAAAAATTAAACTTCTGAAGGAGAAGGGCTATAATCTTTCGCGCGAGGAACTCATTAAACTCATTCTGGAAGAATATGGCTACGATACCGAAGAGACTAAGGAGTTGCGGGAAAAGGCGTACGAGGAATTGAAGAAACTGGATTGGAATCTCTCCCGGGAGGAGCTGATCGAGCAAATGGTAGAAGTCATCGACAGTTTATAACTCGAG
A10,no_disulfide_b5iiiin,ATGGGCAGCAGCCATCATCATCATCATCACAGCAGCGGCGAGAACTTATACTTTCAGAGCGGATCCATGGACCTCGACAAGGGTTTGGAAGAGCTTATTGAACGTATTAAAAAAGGCGAGGCGCTCGAAGAACTGAAGAAATTCGGGAAGGAAGCGAAAAACCTCCCTAAGGAGGTGAAGGAAATCCTTGAGAAGTTGGAAAAAGGCGAAGCGACAATCGAGGAGGTAGTCGAGATGTGGGAAAAGCTCAAGAAAAACTACAAGGAGTGGGGGATCGAGGAACAATTGGAGAAATTACTCAAGTCCTAACTCGAG
A11,no_disulfide_b5iinin,ATGGGCAGCAGCCATCATCATCATCATCACAGCAGCGGCGAGAACTTATACTTTCAGAGCGGATCCAGCCGGGAAGAGTTATTGGAACTCGCGAAGAAACTGCTTGAAGCGATCAAATCTGAGGAATTGAAAGAAGAATGGAAGGAGCTGCTTGAAGAAATCCTTGAAAACGGTTTGAATGAGGAACTGCTGAAGCGGTGGGAGGAGTGGCTGGAGAAGCTGGAGAAGGAGGGGCTCTCGGAGGAGGAGAAGGAGCGCTTAATTGAAGCACTGCGTGAACTGCAAGAATGGTGGAAAGATCCATCAAAGCGTGAAGAACTGCGCGAACTGTTGGAAGAGATCCTGTCGCTCATTTAACTCGAG
A12,no_disulfide_b5ininn,ATGGGCAGCAGCCATCATCATCATCATCACAGCAGCGGCGAGAACTTATACTTTCAGAGCGGATCCATCAAGGAGCTCGTCTACAAAACGATTGAAAAACTGCTGGAGAATATCGATAAGAAAGAGACTGCAGAGAAGTGGAAGGAATATATTAAGTGGCTTGAAGAGAAAGGCTTGTCCAAGGAAATTCGTGACGAGTGGATTAAGTTAATCGAGGAAATGGAAAAAGGGATGGACAAGGAAGAGGCAAAGAAACGGGCCTATGAGTTGGCCGACAAGGCCCTCGAAGATCTGCTTAAGAAGCATTCCAAGGAGGAAGTTGAGGAACTTATTCGCGAAGTTGAGTCAAAATTGTAACTCGAG
B1,no_disulfide_b5innnn,ATGGGCAGCAGCCATCATCATCATCATCACAGCAGCGGCGAGAACTTATACTTTCAGAGCGGATCCTCTGCTGAACTGCGGGCGCTTGCTGAAGAGCTTCTTGCTCGCCTCGCTGATCTCCCGCCAGAGGACCTCGCGGCTTTAGTCGAATATCTCTACGCCCGGGAAGGCTGCGGCAGTCGGGAAGCAGTGCACGCCGCCATCCGTGAAGCTGCTGCTGCTGGGTTGGACCGGGATGTGGAAGCAGTCCTCGCAGCCTGGGATGAAGTTTATTCGCGTCTGGGGCCGGACGCAGAAGCGCAAATGCGGGAATTGTTGGCACTTCTCGCCTCACGTTAACTCGAG
B2,no_disulfide_b6iiniin,ATGGGCAGCAGCCATCATCATCATCATCACAGCAGCGGCGAGAACTTATACTTTCAGAGCGGATCCTCCGAGGAACTCAAAAAATATGCAGAACGGGTAGCGAAGGCGCTTGCCGAGGGGAAGCTCGAAGGTTATTTGAAACTGGTAGAGGAATGGTCCAAAGTAGACAAACCTTTTTCCAAGGAGAACTTCAAAGAGATGCTGGAGAAGGCGCTTTCTACGGAGGAAGCAAAAGAGGATAAAGAACTCAAGGAGGCCCTGGAGTATATCCTCGAAAATCTGGACGAATGGTCCTTAGATGAGATTAAAGAGTACCTGGAATATGCGCTCAAACTGGCGAAGGAATACGGGGTGGAAGAGTACACAAAGTATTTGGAAAAGTTATTATCAAAATAACTCGAG
B3,no_disulfide_b6ininin,ATGGGCAGCAGCCATCATCATCATCATCACAGCAGCGGCGAGAACTTATACTTTCAGAGCGGATCCATGGAACTCGTATATGAATATGTAGAGAAGTTACTTTCGCTTTCGCATGAAGAACGCCGCGAATACTTATATAAAGAAGCACAGAAAGCATCCGAGGAACTGGGCTACCCTCCAGTAGAGACACTCTACGAGTGGTGGGATTACCTTTTGAAGAACCTGAGTGAAGAGTTAAAGGAACGTGTCCATGCTTTTGTAGAGGCCTTGTGGAACGGCGACGAGGAAACCACTCGCGCAACGGCTTTTCCTGTTTGGGAGGAAATCCTTGAGGCCCTGAGCGAAGAAGAACGGGAGAAACTTCTGGAACTGGTAAAAAAGTGGTATGCGGAATAACTCGAG
B4,no_disulfide_b6inninn,ATGGGCAGCAGCCATCATCATCATCATCACAGCAGCGGCGAGAACTTATACTTTCAGAGCGGATCCATGAGTATGCACGAAATCATCGACTCGATGGATGTCTCTCCAGAAGTCCGTGCTCTGCTTCGTGAATGGTGGGATCGTATGCTGGCTCGGCGTGAAGATGTGGATGCGTGGCTCGCTATGGTACGTTCTTGGGGGCTGTCAGAACACCTGTTGCCTCTCTATGAGGAATGGGTCCGCAAGGTTTTCGACGGTACCGCGACGACGGAAGAAACGCTTGAAATGTGGCGGCGTTGGTTCGCCGAACATGATGCAGAAGAGGAAGTACGTGCTTGGGTTGAGCGGTGGATGGCTTAACTCGAG
B5,no_disulfide_h4i_n,ATGGGCAGCAGCCATCATCATCATCATCACAGCAGCGGCGAGAACTTATACTTTCAGAGCGGATCCATGGAAGAAGAGGAACAATTTAAGAATCGCTGGCGCGAGATTCGTGAGGAAGTGTATTCAAAAGGCGGCGGTGACGAGGATACTCTGCGCCGCTTGCGGGAACTGGAGAAGGAACCTCGCAGTGAGGAAGAAGCCTTTCTGTGTGAGCGCTACCGCGAACTCCGTGCTGAATACTATGCAAAGGGTGGGGGCGATGAAGATGTCCTGCGTTACATTAAAGAGTCTTTGTAACTCGAG
B6,no_disulfide_h5i_i,ATGGGCAGCAGCCATCATCATCATCATCACAGCAGCGGCGAGAACTTATACTTTCAGAGCGGATCCCTCACGGAAGCAGAACTGCGGGCACTCTGCGCCGGGCGGCCACCAAGCCCTCGGGTCTTAGCTTTGTGGGAGGGTGTTTTACGCGGCGAAACGCTCGAATATGTGCGTCCTGGGTTTGAACGCGCCGAAGCTGGCGAATTATCCCCGGAACTCCGTGCTGGGTGGGAACGGCTTTTGGCTCGTGCAGAAGACCCTCTCTTAGGTCGTGTACTGGACTTGCTGCGTGGTTAACTCGAG
B7,no_disulfide_h5n_n,ATGGGCAGCAGCCATCATCATCATCATCACAGCAGCGGCGAGAACTTATACTTTCAGAGCGGATCCATGAGCACCTCGGAGCTGTATGCCATTCTGTTTGGCGGGATTACGCCTGCCGAAGTTTATGCAATGTTCCGCGAAGTGCGGCCAGGTATGACCCGCGCAGAACTCAACGCCCTGTGGAACGAAGTCCGTGAGAAATACTCCTCTTTAAGCGGCGAAGAAATTGTGGAGGAACTGCGCAAGAAATATCCTGGGTCACCTTTAGAGATGCTCCGCAAATTGTACGAAGATTAACTCGAG
B8,no_disulfide_h6i_i_i,ATGGGCAGCAGCCATCATCATCATCATCACAGCAGCGGCGAGAACTTATACTTTCAGAGCGGATCCGGTAAAGAATTAGCACTGGAGACGTTTTACAAGCTGTACGCCGGGGAGTGGAAAACGGAGGAGCAGAAGAAGATCCAGGAGGTGTGGAAGAAACTGTGGGAATTGGTCGGCAAACCGTTTTCGGAGGAGGGCATCATCGAGGGGTATCGCCTGCTGCTCGAAAAATTAAAGGAAAAAGGTGCGTCTAAGGAATTGATCGAGTACGTGGAAAACTTAATTAAAGGTTTGGAAACTGGCGAGTTGAGCGAGGAAGTACTGAAATATATCGAGGGGCTGAAAAACCCTGAGGAGAATAAGGAAGTATTGGAGAAGATCATGAAAATGTGGGAAGAGATTGAAGAATGCCTGTAACTCGAG
B9,no_disulfide_h6n_n_n,ATGGGCAGCAGCCATCATCATCATCATCACAGCAGCGGCGAGAACTTATACTTTCAGAGCGGATCCATGGAAGAATTAAAGGCGATGTATGAAGAACTCATCAAAAAATACGGTGTAAAAGATAAGGAGGGCCTGTTAAAAATGTTTGAGAAGCTCCGGGAGGATGTGGAACGCGGTGAGGACACACCTGTCATGCGGGCATTCCGTTGGCTTTTAGAGAATCTCGAAGAGATCCGCGAGAATGGTTGGATCTGGGGTTATGCGCGTATTCTGGGTCTGCCTTTAGAAGAGGCTAAGGAAGTAAGTAAGGAGCTTGCGCTCTGGCTCCTTAAACAGATTGGGTGTGAGTCATATGAGGAGTGGTTAGAAATTGTTGAAGAATTTCTCAATAGTTAACTCGAG
B10,no_disulfide_l4iin,ATGGGCAGCAGCCATCATCATCATCATCACAGCAGCGGCGAGAACTTATACTTTCAGAGCGGATCCATGGAAAAGCTTGAGGAAACCGCAAAGAAATTGTATGACATTCTTTCTAACGACGAGGAGAAGTCTGAGCCAATTGCGGAGAAGATTCGGGAGAAGACAGGGCTTAACTGGTCGAAAGAGGAAATCCTTGAATTGATCGAGGATTACCTTGAGGGTAAGGCCAAGGAGCGTCGGGAGGAGATCGAGAAGATTTGCAAGGTTTACGAAGAACTTTAACTCGAG
B11,no_disulfide_l4inn,ATGGGCAGCAGCCATCATCATCATCATCACAGCAGCGGCGAGAACTTATACTTTCAGAGCGGATCCGACGAACTGGAAGAAGGGATCAGGTATCTGTACGAGAAGTGGAAGGAAGAGAAGGGGCTGAAATCTCAAGAGGAACTTTTAGAATTACTCCTGGACGAGTCGAATGCTGAAACGGAAGAGGAGAAGGAGATCTATAAGTTGATCAAAGAGTACAAGAAGAAGGGTATGACGGACAAGGATTTATATGAAATTCTGTCGAAAGTTGAAGAGGAGTAACTCGAG
B12,no_disulfide_l5iiin,ATGGGCAGCAGCCATCATCATCATCATCACAGCAGCGGCGAGAACTTATACTTTCAGAGCGGATCCTCAGAGTTGAAGGAAAAACTCAAATATCTGCTTGAACATCCGGAAGAGTTGTCGAGTGAGCGGTTAAAAGAGATGATTGAGAAGCTCAAAGCTGGGTTCTACGGTTATTGGGAGGAGTTGCGTAAGGTTCTTGAAGAGCTGGCTGCCGACGAAAGCGCTACATCACCATACGAGCTTGCTTTAATTGAGTTTTATGAGTTGTCCAAGGAATTATCCGAGGAGGAGATTGAGGAACTGATTAAAGAGGTGCTGGAGGAGTAACTCGAG
C1,no_disulfide_l5inni,ATGGGCAGCAGCCATCATCATCATCATCACAGCAGCGGCGAGAACTTATACTTTCAGAGCGGATCCATGGACCGTTTAATGGCAATCTTTGCCCGGCTGCCGGAAATCCTGCGGGAGGCTGGGGACGAAGAGTTACTCGGGCTTTATCAGTGGTCGCAAACAGCTAGCTACGAAGAGGCCCTGGCGCGGTGGCTGGCAGCAGTGGACCGTCTGTTGGCACACCCTGAGCGGTACGCCGGTACTGAACTCGGTGCAGCGATTCGTGAGCTGAAAACATTACCAGAGGCTGAGGCTCGTGAGTTGCTCCGCAACGCCGTGGCAGAGTGGCTGAAATCCTAACTCGAG
C2,no_disulfide_l5innn,ATGGGCAGCAGCCATCATCATCATCATCACAGCAGCGGCGAGAACTTATACTTTCAGAGCGGATCCGAGGAGTTGAAAGAGAAACAAGAGGAACTCAAGAAGAAAGTAGACAGCGAAGAGGTGCGCGAACTCTGGCTCGAAGCGCTTAAAAAAAAAGGGGCTGATGAAGAAGAAGCCCGTAAAGTGATCGAGGAGGCTGCCGAGCGTTTGAAAAAAGGTGAGAGCATGGATGAGGTCCTCGAATGGGTTAATAAACGCCTGGGCAACGGGTTGAACAAGGAGGATCTTTTAGAACTTTTGGAAAAGTAACTCGAG
C3,no_disulfide_l5niin,ATGGGCAGCAGCCATCATCATCATCATCACAGCAGCGGCGAGAACTTATACTTTCAGAGCGGATCCATGGAAGCCTTGTTAGCTACCGTCCGTGAGCTGGGTCTTACCACGGTTGGGGACGGTCTGGAGGTCTTTACGGCACGCTTGGATTCCCTCGCACCGCGCCTTTCGCCTGAAGAGGTTGAGGAATGGCGCGAAATGGTTCGTCGCTTAGTAGCGTCCGCCGCAGATCCTTCAACCACTACGTGGGCTGAGCTTGTGCGGGCCCTTGCTGCTAGCGATGACGAAGAGTTACGTGCTCGCTGGGAGGAAGCAGTACGTCGGCTTGCCGCTGCATAACTCGAG
C4,no_disulfide_l6innni,ATGGGCAGCAGCCATCATCATCATCATCACAGCAGCGGCGAGAACTTATACTTTCAGAGCGGATCCTCCCTCTATGAAGAGTTTATGGAATACTTAATGAAAGAAAATGACCTCGAAAAGTTAAAAGAACTTGCGAAAAAGATCGCCGAGAAAATCGGCGCTAAAGATTATATCCCGTTAGTCGAGGAAAGTCTTGAATACCTCAAGGAAGGGAAATGGGAGGAGATGCTTGAGTATATGTTATCGAAGTTGCCGAAGACGAAGCTGCGCGAGGAGTTAGAGGAAATCCTCGAAGGCAAGCTGAGCCCGGAAACAGAGGAGCTGATTAAAGAATGCTATTCATAACTCGAG
C5,no_disulfide_l6niiin,ATGGGCAGCAGCCATCATCATCATCATCACAGCAGCGGCGAGAACTTATACTTTCAGAGCGGATCCAGCAGTTTACTGGAGGAACTCTATCAACAGCTGTACGATGCGGGTATCCTCTCAACGCCAGAGGCACAGGAAATGTTGCGTCGTATTTTGAACCCTGAAGAAGCCTCCATTGAGGAAACTTACGAGTGGTATAAGTGGGCGTTAGCGAACCTGCCGGAAGAACAGGAGCTGACGCGGGAGCTCTATGAAGAAGCACTGGAGCTGCTTGAGAGCGGCGTCACTTCACTTTATGACATTTATAAATATGTGGGCGATAAACTCGGGCTCTCTTTAGAAGAGTTTTACGAAGCAATCAAGAAGGTGGTAGAGCGTTAACTCGAG
C6,no_disulfide_s6,ATGGGCAGCAGCCATCATCATCATCATCACAGCAGCGGCGAGAACTTATACTTTCAGAGCGGATCCAGCATGGTAAATCAGTACTGGCGGGATGCACTGGCAGGGAAACGGACGCCGGAGCTGGAAAAATGGTGGGATGAAATTGCCGAGAAATATAAGGGTAAGACTATCGCCGAAATTTGGAAGGCGTTACAGGCGGGTGAAGGTTCCGAAGAGGTAAATGCGTGGTGGAAGGAAGCCCTCGCAGGCAAATTAGATCCTGAAATTGCGAAATATGTTAAAGACGCACAAGCAGGGAAATTCAGTCCTGAGTTCGAGGCGGTTTGGAAACGGCTGTTCAAGTAACTCGAG
D1,variable_linkers_b3iii,ATGGGCAGCAGCCATCATCATCATCATCACAGCAGCGGCGAGAACTTATACTTTCAGAGCGGATCCATGGAAGAGAAAGCGAAAGAGATCGTTGAACTGTATAAGGCGGGGAAGCTCACGGAGGAGCAGAAGAAAATTGCGAAGGAAATCCTCGAAATCGAGAAAAAGGAAAAGAAATTTTCTGAGGAGTTGGCTAAGAAGGTGGAAGAAGTCGTAAAATAACTCGAG
D2,variable_linkers_b3nnn,ATGGGCAGCAGCCATCATCATCATCATCACAGCAGCGGCGAGAACTTATACTTTCAGAGCGGATCCCTCGAAGAGGCAATTTTGGCCGCGATCAAGGAGGCCGGGGCAGAGGGCGAGGATTTAGAAGAGCTGCTGGCTCGCGGCCGTGCGGCTATCGAAGCCAATCAGCGGCCTGATATGAATGAGGAGTGGATTCGTGCTGCTGTGGCAGCAGCGTTAGCGTAACTCGAG
D3,variable_linkers_b4iiiix,ATGGGCAGCAGCCATCATCATCATCATCACAGCAGCGGCGAGAACTTATACTTTCAGAGCGGATCCGATATTCTCAAAAAGGCTGCCGAATTGTGGGCCTCATCAGACGACGAACTCATGAAGAAAGTCGTGGACGCTGTGTTGGCAGGCGATTTGAGCTCTCTGAAGCCGGAGGAACTTGAGGCAGCAAAGAAGAAGGCGCTTGAACTTGCGCCGGAATTTCCTGAGGAGGATCGTCCTATTGTGATTGAAGCCGTAAAACTCATCTAACTCGAG
D4,variable_linkers_b4iiiiy,ATGGGCAGCAGCCATCATCATCATCATCACAGCAGCGGCGAGAACTTATACTTTCAGAGCGGATCCATGGAAGAGGCTTTGAAGAAGGCGGAGGAGCTTTGGGAAAAGACCAAGGATGAGAAGATGCAGACCCTTCTTGAGGCAGTCAAGAAAGGGGGTGATAAAGAACTCCTCGCTAAATCCCTCAAAACTGGCGAAATGGAAGAAGCATTGAAAGCTGCGAAAGCGTAACTCGAG
D5,variable_linkers_b4iiin,ATGGGCAGCAGCCATCATCATCATCATCACAGCAGCGGCGAGAACTTATACTTTCAGAGCGGATCCGAGCGTCGTGAACGGGTGATTGAACGTTTACGGGAGTATGCTGAACGCTTTGAAGGCACCCCGTTGGCTGAAGAGATTCGCCGCGTGGCTGAGCGTTTGGAGGCTGGTGAGAGTGACCTGGAAGGCTTACGTCGGGTATTTGAAGCTGCTGGTGATGAAGAGTGGCTCCCATTAGGTGAGGAGGTAGCGGAAGAGTAACTCGAG
D6,variable_linkers_b4inin,ATGGGCAGCAGCCATCATCATCATCATCACAGCAGCGGCGAGAACTTATACTTTCAGAGCGGATCCGTTGAGGAGTGCTTAAAGAAGTGCAAATCAGGCAACAAAGAAGCTATCCCAGAGTGCGAAAAAGAGTGGAAAGCTAAAGGTGTCAAAAACGCTGAAGAGTGTGCAAAGAAGTGGAAGGAAGGGAACTGTGAGGAGTGTGCCAAGAAGGTCAAGTCTTAACTCGAG
D7,variable_linkers_b4innn,ATGGGCAGCAGCCATCATCATCATCATCACAGCAGCGGCGAGAACTTATACTTTCAGAGCGGATCCTCGCGGCTTGAAGAGATTTGCTCGAAGTTATCTGGTCCAACTGCGGCCAAAGTTTGTGAAGAATGTAAAGGGTTGTCATTGGACGAATGCTGTGAGCTTGGGTTGAAGTACGGCTTACCGGAGGCGTGCGAACTGGCACGTAAATAACTCGAG
D8,variable_linkers_b4nnnnx,ATGGGCAGCAGCCATCATCATCATCATCACAGCAGCGGCGAGAACTTATACTTTCAGAGCGGATCCGACATTGAAGAGAAGTGCAACGAACTTCTGGAGAAATCGAAGGGGGCTAGTTTAGAAGAGAAGATTAAACTGTGCAAGGAGTTCGGGAACGAAGAATCGATTGAAAAATGCTTGGAGCTGCTGGACAAATACGAAAAAGGTGAGTTGACAGAGGAAGAGAAGAAGGAAGCGTGCAAAGAGCTGGCATAACTCGAG
D9,variable_linkers_b4nnnny,ATGGGCAGCAGCCATCATCATCATCATCACAGCAGCGGCGAGAACTTATACTTTCAGAGCGGATCCATGGAAGAAATCCGCAAGCGGCTGGAGGAGGGCGGGTTAGAGTACGCAGTAGAGGTAGCGAAGGAATTTGGTGACATTGAAAAAACCGTGAAGGCCGCTGAAGAATTAGGTTATGATCCGGAGGAACTTCGCAAATTACTTGAGGAGTAACTCGAG
D10,variable_linkers_b5iiiin,ATGGGCAGCAGCCATCATCATCATCATCACAGCAGCGGCGAGAACTTATACTTTCAGAGCGGATCCGAACGCGAGAAAGGGATTGAATACTTGAAAACATTAAGTAGCCCAGTCTCTGATAAGTGTACTGAGGACTTTGCTGCGGGTAAGCCTAACCTCAAAGCGTGCTTAGCCGCCTTAAAGACATCAGGGGCCGAAATGAAGGCCATTGCAGATAAGTGCGAGACCTTGGGGGCCAACGGCTGGGACGAATGCTTAAAATTGGCCTTGTAACTCGAG
D11,variable_linkers_b5iinin,ATGGGCAGCAGCCATCATCATCATCATCACAGCAGCGGCGAGAACTTATACTTTCAGAGCGGATCCGAAGAGGTATTAGAGGTACTCAAGAAACTTGGCGGGGCGGAAGAGGCATACGAAGAACTTAAAAAAGACGACAAGGGCGCGATTGAGAAAGCAACCAAGAAGGTTGAAGGCCCAGAGAATAAAGAAGTCGCGGAACTGTTGAAAACCGCAAAGAACAAAGAGGACTTCGAAAAAGTCTTAAAGAAGGCATAACTCGAG
D12,variable_linkers_b5ininn,ATGGGCAGCAGCCATCATCATCATCATCACAGCAGCGGCGAGAACTTATACTTTCAGAGCGGATCCGCTATCGCGGACCTCACAAAAGCAGTTGCAGCAGAGGCAGCAAAAGCGAAGGATGCTCGTTTAAAAGCCATTGCCGAGGCATTAGCGAAGGCCAAAAACGTCGACGAGGTCGAGGCAGTGCTGAAGGCTGCTGGGGCGGATGCAGACGCCGCAGCCGCCGCACTGCGTGCAGGGAACTGGAATGCAGCCACTATTGCCAAAATTGTAGCAGATATTGCATAACTCGAG
E1,variable_linkers_b5innnn,ATGGGCAGCAGCCATCATCATCATCATCACAGCAGCGGCGAGAACTTATACTTTCAGAGCGGATCCAAAGTGGAAGAATTGGCGAAAGCTATGAAGGGTGTGAGTACAGAGGAATTGTTAGAAGTCCTGAAGGAAGCCGGTGTACCAGAGGAGGACGCTGAAAAGCTGTACGAACTGGCCAAAAAAGGGGGTGAGGAGGACTTCAAGAAAGCAGCAAAGGAGTTAAAGGAGGAAGGGGTAGAGAGTTTAAAGCCGGTTTATGAAGCCGCCGAGAAGTAACTCGAG
E2,variable_linkers_b6iiniin,ATGGGCAGCAGCCATCATCATCATCATCACAGCAGCGGCGAGAACTTATACTTTCAGAGCGGATCCATGCAAGCGCTGATTGAGGCATTCAAAGCAGTAGAGACTAACGCTGAACTGCAGAAGGTTGTAAAAGACTTGGAAGCGGGTAACTACGCAAATATCGCTGCCGCCTTCGAGGCCGCTGGCCTCTCAGCCGCTGACGCTGCCAAACTTGCGGCGGACTTAAAAGCAGGTGAGGTAGCTCCGATCGTAGAACTCTTAGCGAAGATTGATAGTCCTGAGTTTGCTCCTGTAGTAGAAGCAGCCAAGGCCTAACTCGAG
E3,variable_linkers_b6ininin,ATGGGCAGCAGCCATCATCATCATCATCACAGCAGCGGCGAGAACTTATACTTTCAGAGCGGATCCGCCGAGGAAATCAAAAAGGCACTTAAAGAAGGTGAAGCTGAAGAGATCGCTAAAGCCCTGGCAAAACTGGGGGCTAACGCTGAGAAGATTAAGAAAGAACTCGCGAAGGAAGGTCCTGACTATGACGCTATTGCGGAGGAATTAGCCAAAATCGGGAACGCGAAGCTGGCCCCGGCTATCAAGAAGGCGCTGAAAGAGGGCGAAGCTGAGGAAATTGCAAAAGCACTTGCAGAGTAACTCGAG
E4,variable_linkers_b6inninn,ATGGGCAGCAGCCATCATCATCATCATCACAGCAGCGGCGAGAACTTATACTTTCAGAGCGGATCCTATGAGGAGTTAAAGAAAAAGTTAGAAGAAGTGACGGGGAACAAGGAAGGGGCCGAAGAACTCGCCGAAAATCTCAAAAAAGGTAACACCGAAAAAACCAAGGAAATTTTGCGGGAAATGGGGCTGGGTGAGGAAGCGGAGCTGATTGCAGAGGCGCTTAAAGGTGAGAGCTTAGAGGAGATTAAAAAGGCTCTGGCTTCGCTTGCACCGAAGATGAAGTCCGAAAAGGAGAAGAACGTCATTAAAGCCGTGGAGGAGTAACTCGAG
E5,variable_linkers_h4i_n,ATGGGCAGCAGCCATCATCATCATCATCACAGCAGCGGCGAGAACTTATACTTTCAGAGCGGATCCATGAAGCTCCTGGAGGAATTAGAGAAAATCTATAAAGAAGACAAAACGCCGAAGGATGAGAAGACGTCGCGTCTGATTGAAAAGGCACTCAAGTGCAAGGAAGGCAAAGACTGTGAGGAACTGAAAGAAGCTGAAAAATTGGGGAACTTCGAAGACGCACTCAAATACGCCGAAGAATAACTCGAG
E6,variable_linkers_h5i_i,ATGGGCAGCAGCCATCATCATCATCATCACAGCAGCGGCGAGAACTTATACTTTCAGAGCGGATCCAAAGCCGCAGAGTGGATGAAGAAGGTGGCTAAATATTGTAAGAATTTGGACGATCCTGAACTCAAAGCGGCAGTTGAAGCCGCTGCGAAGGGCGATAAGGAGGTTGCGGAAAAGTTAGCTTCACTGAAAGGCAAGGGCGAAGAGGTGAAAAAATGGTTGGAGAACCCGGAAAAAGATCCAGAAAAGCAAGCAGAGAATTGTCGTTTACTGAATGAAGCTCTTAAATCTTAACTCGAG
E7,variable_linkers_h5n_n,ATGGGCAGCAGCCATCATCATCATCATCACAGCAGCGGCGAGAACTTATACTTTCAGAGCGGATCCATGGAGCTTTTTAAGAAGGCCATCAAGCGGGCAAAAGAGCTTGGGGTTAAGAATGCTGAGGATCTGAAAGCCGAATTGGAAAAGTATGGTGCCTTTGAAGAAGCAGTGGCGGCCCTCAAAGCCGAGGTCGATAAAGAGGGCGAAAAGAGTAAGGAGGAGCGTATTGAGATCGCAACCAAATTAGTCACTGAAGAAGAGGATGAGTTGACACGTAAGATCGTCGCAGAGATGCTCTAACTCGAG
E8,variable_linkers_h6i_i_i,ATGGGCAGCAGCCATCATCATCATCATCACAGCAGCGGCGAGAACTTATACTTTCAGAGCGGATCCATGGAGGAATTACGCGCACACATGGCAGAATGTTTAGAGATTGCCCGTGAACGCGGCAACGAGCGGGCCGCCCGCGTCTGTGAGGCGATTCTCAATGCAAATACGGCGGAACATGAGAAGATGGCAGCAGCTCTGGAAACTGGTGAGGACATGGACGGTTTGGCAGCGATTCTCAGTAAAGCTGGCGGTATTACGCCAGAGTTATTCCGTGCGCTGATGGCAGAATTGCTGGCAGAACTTGAAGCGCGGGGCCGGGCGAAGGATTTCCGCGCTTACGCTGCCCGGATTGCGGCCTAACTCGAG
E9,variable_linkers_h6n_n_n,ATGGGCAGCAGCCATCATCATCATCATCACAGCAGCGGCGAGAACTTATACTTTCAGAGCGGATCCATGGAAGAATTTGCGAAAGTCCTGTTGAGCGGTTCGGGTGAAGAGATTCTGAAAGGTATCGACGAAGTGCTGAAGGAGCCAAATGGGTACGAGAAATTGGAGGAAGCCTTAAAGAAATTGGGCGTGGAAAACGCTGAGGAAATTGCTGAGGCTCTTCGTACGGGCGAGGGCTTCGAGGAAATCGCCAAAGCACTGAAAAAGGCTAAGAGTGGTGAAGAAATTGCAGAGCTGTTAAAAAAGTAACTCGAG
E10,variable_linkers_l4iin,ATGGGCAGCAGCCATCATCATCATCATCACAGCAGCGGCGAGAACTTATACTTTCAGAGCGGATCCCTTGAGGAAGCGTTAAAGGAGTTAGATGGCGAGGGTGAAGCGGCGGAGTTGGCACGGGAGGCACGCGAGAAGTGCAAGGAGGATGAAGAATTTCGTAAAGAGTTAGAAAAAAAACTGAAGGGCTACAGCAAGGAAAAGGCTGTGGAAGTCCTGAAAGAGTAACTCGAG
E11,variable_linkers_l4inn,ATGGGCAGCAGCCATCATCATCATCATCACAGCAGCGGCGAGAACTTATACTTTCAGAGCGGATCCCGGGAACTTATCGTGGAAGCAGCACGTACTGGCGAACTTGAAGAAGCGCGTGAAGCAGTAGAACGGGCCGGGCTCTCACGGGAAGAAATCCGTGAAATTCTGCGTGAAGCTGGCTTTGAGGAGGAAGCCGAGGAGTGGGTCGAGCGGCTGTAACTCGAG
E12,variable_linkers_l5iiin,ATGGGCAGCAGCCATCATCATCATCATCACAGCAGCGGCGAGAACTTATACTTTCAGAGCGGATCCAAGTTAGAGGAGGTAGCAAAACTCTTAGACATCAATAATACTGAAGAGGGGAAGAAGGCGTTGGAAGCATTGAAAAAAAAGGAGGATTATGAGCTCTTAAAGAAGTACGTCGAGTCCCTTCCTGAAGACCTTAGTGAGAAGGACAAGGAGTTGCTGGAAAAATTCAAAGAGGCCGCCAAGAAGGCCACTACGATCGAAGAGTTGGAAAAACTCCTGGAAGAGTAACTCGAG
F1,variable_linkers_l5inni,ATGGGCAGCAGCCATCATCATCATCATCACAGCAGCGGCGAGAACTTATACTTTCAGAGCGGATCCATGAAAGAAAAATACGCGAAACTCCTCGAAGAGGTGGCTAAAGAGACCAATGAGGTTATGAAGGAAATTGCCGAAATGCTGAAGAACGTGGACGAAGAAAACCCTCTGGAGGATCTCAAAAAGAAGATCATGGAGAAGTTCGGCGCATCGGAAGAGGTTGCCGAAGAGTTTGCAAAGGCCCTTAAGGCTGGTGACAAAGAAAAGTTGAAGAAATGCGTTAAAAAGATCCTTGAATAACTCGAG
F2,variable_linkers_l5innn,ATGGGCAGCAGCCATCATCATCATCATCACAGCAGCGGCGAGAACTTATACTTTCAGAGCGGATCCATGAAGAAGAAGGTCGCAAAGCAGCTCGAAGAAGGCAAGGTCGACCCGGAATTACTTGCCAAGGTCTATAAAGAGCTGACAGGCGATGAGTCGACGGCCAAAATTGTCGCTAAAGTGGCAAAAAAGAAATTGAGTAAGGAGGAATTAGCTAAGGAAATGAAAAAGGAAGGTGTGACCATCTCCGCTAAAGCTCTCGAAAAGTTATAACTCGAG
F3,variable_linkers_l5niin,ATGGGCAGCAGCCATCATCATCATCATCACAGCAGCGGCGAGAACTTATACTTTCAGAGCGGATCCGTAGACGAGTATTGCGCTGCGCTCCGCAAGGCGGGGTCCGAAGAGGCGTGTGAGGCTCTCCGCAAAGTAGCCGAGGGCACGGGCGATTTCGAGGAGTTTAAAGCGTTATGCGCCAGTATTCCTGAAGACAAGTTTGACGGGCCTCTTGCCGAACTGAAGGCGATTTGTGCGTCTGCCTCAGGTGACGGCCTCGCGAAGCTCCGTGAACTGCTGGCATAACTCGAG
F4,variable_linkers_l6innni,ATGGGCAGCAGCCATCATCATCATCATCACAGCAGCGGCGAGAACTTATACTTTCAGAGCGGATCCGGGGAAGAAGCCCTCGAAGCTCTCCGGCGGGGCGAGGTCGAGCCTTTGGTTGAGCTTTTACGTGCTGCCGGGTTGGAAGAGGAGAAAGCGGAAGCCATTGGGGAGGCCCTTGCTGAAACTGAGTCATTGGAAGAAGCCGCAGAAGCTCTCTCCGAATTCGGGGATGGGGAACGGGTGCGGGAAGCGTGGCGTCGGGGGGAGTGGGAGGAAGCCGCACGTTTGTTACGGGAATAACTCGAG
F5,variable_linkers_l6niiin,ATGGGCAGCAGCCATCATCATCATCATCACAGCAGCGGCGAGAACTTATACTTTCAGAGCGGATCCATGGAGAAAATTTTCGCGGCCCTGAAAGAAGCCTCCAAAAAAAAGAGTGGCAAAGCTATCGTTGAGGCACTTAAGAAAGTGGCTGCGGAAGTGGACCTCAGTCCTGAGGAAAAAGAAGCCGTCGAAAACATCGAGACCGGCTCAGACGCGGAAAAGATTAGTGAAATCTTTGCAAAATGGAAGGAGAAAGCGACAGATCCGGAGGCCAAAGAAATCCTGGATAAGGTGTCAGAAAATTTAAGTTTTGAGGGGCTTGTTGAGGCCCTTATTAAATAACTCGAG
F6,variable_linkers_s6,ATGGGCAGCAGCCATCATCATCATCATCACAGCAGCGGCGAGAACTTATACTTTCAGAGCGGATCCGGCAAGGAGTTCTGTGAAGCCTTGAAAAACAAAAACAGCGAGAAGCTGAAGCCTTACGCAGAAGCTCTCAAGAACGGTGATCCTGAGCTTCTTGCTAAATTTGTCGCGGCCTTAAAGGCCGGGACTTGCCCAGAATTTAGCGCTGAGTTGGCAGGTGCAAAGAAAGGCAAGGTAAGCGAGAAAGGGAAAGAATACGCCGAAGTATTTAAGGAGAAAAGCGGCATCTCCCGCGAAGAGTTAGTTGCGAAAATCGCGGCCTAACTCGAG
